,gender,gender_count,proportion_gender
0,m,7138959,26.10694885104081
2,f,20206094,73.89305114895919
